Title,Price,Company,Link
"Refurbished Latitude 5280 5285 5290 7275 2in1Laptopfor
						Dell","US$5,000","Shen Zhen Li Kong Technology Co., Ltd.",https://www.alibaba.com/product-detail/Refurbished-Latitude-5280-5285-5290-7275_1600207262501.html
Best Seller Full Flat Front Panel IP65 Grade protectionLaptopIn-tel Core I7-8565U Tablet Pc,US$779,"Yanling Industrial Computer Technology (shenzhen) Co., Ltd.",https://www.alibaba.com/product-detail/Best-Seller-Full-Flat-Front-Panel_1600995792474.html
"Intel Core I9-10885HLaptopsI9 16 Inch Touch Screen 64GB
						RAM 4TB SSD GamingLaptopDual ScreenLaptop",US$113.58-US$178.62,"ABELOE (HK) TECHNOLOGY CO., LIMITED",https://www.alibaba.com/product-detail/Intel-Core-I9-10885H-Laptops-I9_11000021001671.html
"TwinscaseLaptopH Custom Notebook GamingLaptopBrand New Offer Cheap Workstation BusinessLaptopLow Price All in One
						Computer",US$345-US$417,"Shenzhen Twins Metal & Plastic Product Co ., Ltd.",https://www.alibaba.com/product-detail/Twinscase-Laptop-H-Custom-Notebook-Gaming_1601202149281.html
"I7 Core 11th 12th GenLaptopComputer 16gb Ram 11 10th
						Generation 1tb Ssd 8gb 15.6 Inch Intel NotebookLaptopI7",US$115-US$500,"Shenzhen Itzr Technology Co., Ltd.",https://www.alibaba.com/product-detail/I7-Core-11th-12th-Gen-Laptop_1601044751898.html
"Touch Screen UsedLaptopfor Dell Latitude 7400 I7-8665U
						16GB 256GB Win10 14"" InchLaptopA+Renovation Wholesale BusinessLaptop",US$221.29-US$241.29,HongKong Mercury International Trading Company Limited,https://www.alibaba.com/product-detail/Touch-Screen-Used-Laptop-for-Dell_1601290646477.html
"Laptopfor Students Portable Mini Notebook 11.6 Inch IPS
						Touch ScreenLaptopsWith 512GB SSD Intel N4020 Gaming Computer",US$165.80-US$182,"Shenzhen Peideluo E-Commerce Co., Ltd.",https://www.alibaba.com/product-detail/Laptop-for-Students-Portable-Mini-Notebook_1601224979491.html
Fast Shipping NewLaptop8gb Oem Cheap NotebookLaptop14inch 8GBRAMLaptopfor Kids Ordinateur Portable 512GB SS,US$178,"Shenzhen Greenwell Technology Co., Ltd.",https://www.alibaba.com/product-detail/Fast-Shipping-New-Laptop-8gb-Oem_1601114943570.html
"Notebook ComputerLaptops15.6 Inch 1920*1080P Intel
						N5095 16GB RAM 256GB SSD GamingLaptopsfor StudentLaptops",US$178,Shenzhen Xingzegao Electronics Ltd.,https://www.alibaba.com/product-detail/Notebook-Computer-Laptops-15-6-Inch_1601386786745.html
"The CheapestLaptopfor Students Office N4000/N5095
						I3/i5/i7 14/15.6 Inches High QualityLaptop",US$100-US$114,Junsha International Holdings Limited,https://www.alibaba.com/product-detail/The-Cheapest-Laptop-for-Students-Office_1601371882363.html
"14.1 Inch Win 11Laptop16g Ram 256g/512g/1t Rom 1920x
						1200 Touch Screen 4500mah BatteryLaptopTablet",US$239-US$279,"Shenzhen CWHT Technology Co., Ltd.",https://www.alibaba.com/product-detail/14-1-Inch-Win-11-Laptop_1601350229310.html
"15.6\"" BusinessLaptopIntel Processors Custom Portable
						Metal English DDR4 256GB 512GB 128GB 2TB WiFi 1TB 7 Inch",US$243.89-US$357.51,"Yijin Intelligent Technology (shenzhen) Co., Ltd.",https://www.alibaba.com/product-detail/15-6-Business-Laptop-Intel-Processors_1601297004884.html
"High Quality ThinkPad T480 Core I3 I5 I7 CPU 8th Gen 14 Inch
						PortableLaptopsBarebone",US$150-US$280,"Shanghai Qiyu Education Technology Co., Ltd.",https://www.alibaba.com/product-detail/High-Quality-ThinkPad-T480-Core-I3_1601379631330.html
"Bestselling Lightweight Commercial OfficeLaptopsHome
						StudentLaptops, and Learning Computers I3-1005G1 8G 256G HP 256 G8",US$271-US$281,"Beijing Gaotai Shengye Technology Co., Ltd.",https://www.alibaba.com/product-detail/Bestselling-Lightweight-Commercial-Office-Laptops-Home_1601417293228.html
"ThinkpadLaptopL480 Core I5 8th Gen 8GB RAM 256GBSSD
						Business OfficeLaptopComputer","US$1,177-US$1,496","Chongqing Dolan Trading Co., Ltd.",https://www.alibaba.com/product-detail/Thinkpad-Laptop-L480-Core-I5-8th_1601270294466.html
"OEM 10.1 Inch Touch Screen Android MiniLaptopVIKUSHA
						4GB+64GB Tablet PC 2 in 1Laptopfor Business",US$103,"Shenzhen City Honglixinda Electron Co., Ltd.",https://www.alibaba.com/product-detail/OEM-10-1-Inch-Touch-Screen_1600601852030.html
"ODM OEM Gaming Computer NotebookLaptopRtx 4090 Gaming
						Intel CPU I9 13900H I7 13700H 64GB RAM 1T 2T 8T SSD 2.5K Display","US$973-US$1,032","Shenzhen T.d.s Electronic Technology Co., Limited",https://www.alibaba.com/product-detail/ODM-OEM-Gaming-Computer-Notebook-Laptop_1601335154715.html
"Best Price New 10.1 Inch Mini Notebook Factory Direct Sales
						Quad Core Allwiner A133 AndroidLaptopfor Business and Learning",US$70,"Shenzhen Honlin Technology Co., Ltd.",https://www.alibaba.com/product-detail/Best-Price-New-10-1-Inch_1600859641475.html
Factory Price17.3 InchLaptopCore I7LaptopNotebook Computer 17 Inch Full HD GamingLaptopComputer,US$755.27-US$870.59,"Shenzhen Shoulder Hong Renju Technology Co., Ltd.",https://www.alibaba.com/product-detail/Factory-Price17-3-Inch-Laptop-Core_1601429919470.html
"DW-L3 Basic Version OfLaptopColor Doppler Ultrasound
						Scanner","US$2,199-US$5,299","Dawei Medical (Jiangsu) Co., Ltd.",https://www.alibaba.com/product-detail/DW-L3-Basic-Version-Of-Laptop_1601443132241.html?s=p
Pc Computer N100Laptop8 Inch Mini ScreenLaptopsBusinessLaptops,US$315,"Shenzhen Hstar Technology Co., Ltd.",https://www.alibaba.com/product-detail/Pc-Computer-N100-Laptop-8-Inch_1601085269138.html
"15.6"" the Latest Dual Screen Ultra SlimLaptopsBrand
						New Notebook N95 2.9Ghz 32Gb Ram Ssd Multi-Purpose Device BusinessLaptop",US$197-US$235,"Shenzhen Skyblue Technology Co., Ltd.",https://www.alibaba.com/product-detail/15-6-the-Latest-Dual-Screen_1601249850534.html
Gadgets Electronic New Arrival Reasonable Price BusinessLaptopsNotebook 15.6 Inch + 7 Inch Double ScreenLaptop,US$199-US$265,Guangzhou Zidian Technology Limited,https://www.alibaba.com/product-detail/Gadgets-Electronic-New-Arrival-Reasonable-Price_1601049895181.html
"HL160GT Factory Direct 16-inch Portable Business Office &
						GameLaptopwith Intel I7 SSD Intel Graphics N95,N5095",US$189-US$388,"Guangzhou Allison Technology Co., Ltd.",https://www.alibaba.com/product-detail/HL160GT-Factory-Direct-16-inch-Portable_1601377992477.html
"High Quality Quad Core N3350 8GB Ram 128GB 256GB 512GB SSD 14
						InchLaptopComputer Gaming Ordinateur PortableLaptops",US$99.80,"Jingjiang Gisen Technology Co., Ltd.",https://www.alibaba.com/product-detail/High-Quality-Quad-Core-N3350-8GB_1601342576269.html
"Touch ScreenLaptop14 Inch Yoga 360 Degree Rotating
						Business Computer Intel N95 DDR4 8G 16G 32GRAM+128G 256G 512G 1TB 2TB SSD",US$195-US$327,"Shenzhen Jingchuang Guodu Technology Co., Ltd.",https://www.alibaba.com/product-detail/Touch-Screen-Laptop-14-Inch-Yoga_1601421041057.html
"H-onor Magicbook X16 PRO 2024, 13th Gen Intel Core I5-13420h
						16GB/512GB, 16-InchLaptop",US$539,"Wuhan Xinqidian Technology Group Co., Ltd.",https://www.alibaba.com/product-detail/H-onor-Magicbook-X16-PRO-2024_1601218819981.html
"2025 15.6-Inch SlimLaptopIntel N4000 8GB RAM 128GB SSD
						Bluetooth English Plastic Notebook Computer Cheap Stock Available",US$108,"Shenzhen Bestviewtech Electronics Co., Ltd.",https://www.alibaba.com/product-detail/2025-15-6-Inch-Slim-Laptop_60824131502.html
"GamingLaptopDual-Monitor I9Laptop16 Inch
						Touch Screen 64GB RAM 4TB SSD Intel Core I9-10885HLaptops",US$511-US$792,"Shenzhen Anxin Taihe Technology Co., Ltd.",https://www.alibaba.com/product-detail/Gaming-Laptop-Dual-Monitor-I9-Laptop_1600790782019.html
"HP Zbook Studio G9 Intel Core I7 I9 12th Gen RTX A1000 A2000
						A3000 A4500 16"" Mobile WorkstationLaptop","US$2,099-US$5,099","Beijing Boyuan Weiye Technology Co., Ltd.",https://www.alibaba.com/product-detail/HP-Zbook-Studio-G9-Intel-Core_1600895943582.html
"Elitebook 640G10 Business OfficeLaptop14
						Inch/Commercial/Mainstream/Hot Sale/OfficeLaptop",US$620-US$720,"Beijing Guangtian Runze Technology Co., Ltd.",https://www.alibaba.com/product-detail/Elitebook-640G10-Business-Office-Laptop-14_1600934027279.html
"FTL-UTS90 Notebook Color Doppler Portable Best Price Color
						DopplerLaptopUltrasound Machine Medical Imaging For Animal","US$1,300-US$1,600","Fatali Medical Technology (foshan) Co., Ltd.",https://www.alibaba.com/product-detail/FTL-UTS90-Notebook-Color-Doppler-Portable_1601305170014.html?s=p
"New Design 15.6'' Intel Notebook N5095 Win11LaptopComputer China Factory Cheap GamingLaptopComputersLaptopsand
						Desktops",US$168-US$235,"HK L&P TECHNOLOGY CO., LIMITED",https://www.alibaba.com/product-detail/New-Design-15-6-Intel-Notebook_1601011523824.html
"1 95% NewLaptopProBook 650 G4 Intel Core I5-7th 8GB
						256GB SSD 15.6 ""businessLaptop",US$190,"Guangzhou Youchuangyi E-Commerce Co., Ltd.",https://www.alibaba.com/product-detail/1-95-New-Laptop-ProBook-650_1601062496168.html
"2024 NewLaptopI7 Core 1165G7 11th 15.6 Computer
						Original Computadoras PortatilLaptopsNetbook With Win 10 11",US$351-US$414,"Shenzhen Shuwei Technology Co., Limited",https://www.alibaba.com/product-detail/2024-New-Laptop-I7-Core-1165G7_1600291300115.html
"Lightweight Win-10 Intel I5 Notebook High-Definition Screen
						EnterpriseLaptopComputer for Students",US$168,"Guangzhou City Tianhe District Shipai Changle Digital Products Management
				Department",https://www.alibaba.com/product-detail/Lightweight-Win-10-Intel-I5-Notebook_1601243480618.html
Factory Cheap 15.6'' Intel Notebook N5095 Win11LaptopComputer Quad up to 2.9 GamingLaptopComputers,US$188,"Shenzhen DreamQ Technology Development Co., Ltd.",https://www.alibaba.com/product-detail/Factory-Cheap-15-6-Intel-Notebook_1600986482499.html
Wholesale 1920x1080 Ips BusinessLaptopsPc PortableLaptopCore I7/ N100 11 Generation Dual Touch ScreenLaptop,US$279,"Shenzhen Gst Communication Co., Ltd",https://www.alibaba.com/product-detail/Wholesale-1920x1080-Ips-Business-Laptops-Pc_1601076474556.html
"Brand New BusinessLaptopsCore I7-1060NG7 Custom Logo
						GamingLaptopSupport OEM",US$260-US$350,"Beijing Guangshengying Import And Export Co., Ltd.",https://www.alibaba.com/product-detail/Brand-New-Business-Laptops-Core-I7_1601320040099.html
"2024 Cheap Brand New 15.6 Inch Intel Celeron J4105 Notebook PC
						DDR4 8GB 12GB Ram 512G 1000GB SSD Oem Home School BusinessLaptop",US$174-US$210,"Shenzhen Weiboer Digital Co., Ltd.",https://www.alibaba.com/product-detail/2024-Cheap-Brand-New-15-6_1600108515076.html
"15.6 Inch 10th I7 Core 1060NG7 BusinessLaptopWith
						8/16/32GB RAM and 512G/1/2TB SSD Options Win 10",US$289-US$346,"Hanxuanmo (tianjin) Technology Development Co., Ltd.",https://www.alibaba.com/product-detail/15-6-Inch-10th-I7-Core_1601266644197.html
"wholesale ready to ship 840G3 intel core i5 6gen 8GB ram 512G
						ssd 14inch businesslaptopfor Personal use",US$128-US$131,HK YUDO TECH. LIMITED,https://www.alibaba.com/product-detail/wholesale-ready-to-ship-840G3-intel_1601384018249.html
"16 Inch Dual Screen Touch ScreenLaptopNotebook
						Computer Core I7 16GB RAM 512GB SSD Business PersonalLaptops",US$499-US$614,"Shenzhen BQKK Technology Co., LTD.",https://www.alibaba.com/product-detail/16-Inch-Dual-Screen-Touch-Screen_1601206051669.html
"17.3""LaptopsBrand New Intel N5095 DDR4 16+1TB SSD Home
						School BusinessLaptopsPortable PC Big Screen GamingLaptopComputer",US$199-US$306,"Shenzhen Carevery Technology Co., Ltd.",https://www.alibaba.com/product-detail/17-3-Laptops-Brand-New-Intel_1601238967158.html
"Factory 2025 New Ultrabook 14.1 Inch Foldable Dual Touch Screen
						Intel 13th N100 Aluminum YogaLaptopsfor Students and Designers",US$281.50-US$454,"Shenzhen Broadstarry Technology Co., Ltd.",https://www.alibaba.com/product-detail/Factory-2025-New-Ultrabook-14-1_1600978418927.html
"14 InchLaptopsCore N3350 2.4Ghz 6GB RAM 64GB ROM
						Notbook Pc Computer Personal Home CheapLaptopWin 10 PRO",US$97,Shenzhen South Digital Limited,https://www.alibaba.com/product-detail/14-Inch-Laptops-Core-N3350-2_1601073481933.html
"4 Inch Win 11 Brand New NotebookLaptop8gb 1 Tb 14
						Inches",US$240,"Xiamen Clarence Technology Co., Ltd.",https://www.alibaba.com/product-detail/4-Inch-Win-11-Brand-New_1601025090362.html
"Cheaper Brand New 15.6 Inch N5095 BusinessLaptops16Gb
						24Gb Ram Computer Notebooks Pink for BusinessLaptopI9 11th Generation",US$115-US$130,"Shenzhen Great I-Del Technology Co., Ltd.",https://www.alibaba.com/product-detail/Cheaper-Brand-New-15-6-Inch_1601147602462.html
Dell New I5-1334U Inspiron 15 8GB 256GB Windows 11Laptop15.6 Inch High ResolutionLaptopComputer Hardware,US$190-US$520,"Xiamen Dongchengxing Information Technology Co., Ltd.",https://www.alibaba.com/product-detail/Dell-New-I5-1334U-Inspiron-15_1601248007542.html
"Brand New Factory Bulk Wholesale 14inch Cheap Win10 N4000 6G RAM
						128GB/256GB/512GB/1TB SSD LearningLaptops",US$92-US$153,"Qu Workshop (Shenzhen) Technology Co., Ltd.",https://www.alibaba.com/product-detail/Brand-New-Factory-Bulk-Wholesale-14inch_1601044337258.html
"A+ Grade Touch ScreenLaptopCore I7 I5 8gen Business
						Notebook UsedLaptopsfor Hp X360 1030g3 Original Refurbished Computer",US$246-US$349,"Shenzhen Fuli Technology Co., Ltd.",https://www.alibaba.com/product-detail/A-Grade-Touch-Screen-Laptop-Core_1601049444623.html
15.6 Inch Intel Core I7 8gb Ram 128gb 256gb 512gb Ssd Win10LaptopGaming Computer for Home School Business Notebook,US$180-US$270,"Shenzhen Itzr Technology Co., Ltd.",https://www.alibaba.com/product-detail/15-6-Inch-Intel-Core-I7_1600506263835.html
"Wholesale HandLaptopElitebook 850 G6 I5-8665U 8GB Ram
						256GB SSD UsedLaptopfor HP 14"" Computer Notebook PC",US$215.20-US$228.43,HongKong Mercury International Trading Company Limited,https://www.alibaba.com/product-detail/Wholesale-Hand-Laptop-Elitebook-850-G6_1601291900396.html
"Twinscase Computer Accessories Custom Notebook GamingLaptopBrand New Student Offer Cheap Workstation BusinessLaptopLow
						Price",US$345-US$417,"Shenzhen Twins Metal & Plastic Product Co., Ltd.",https://www.alibaba.com/product-detail/Twinscase-Computer-Accessories-Custom-Notebook-Gaming_1601206894687.html
New 15.6 Inch Slim Intel N5095 Processor CheapLaptopSlimLaptopfor Home Use,US$198,"Shenzhen Greenwell Technology Co., Ltd.",https://www.alibaba.com/product-detail/New-15-6-Inch-Slim-Intel_1600158706792.html
"High Quality OEM NotebookLaptop15.6 Inch 16GB+512GB I5
						I7 I9 New OEM for Educational Business and Home",US$178,Shenzhen Xingzegao Electronics Ltd.,https://www.alibaba.com/product-detail/High-Quality-OEM-Notebook-Laptop-15_1600243909470.html
High Performance 15.6 Inch FHD All in One PortableLaptopIntel N5095 N4000 DDR4 16GB SSD 256GB 512GB Personal & HomeLaptops,US$112-US$146,Junsha International Holdings Limited,https://www.alibaba.com/product-detail/High-Performance-15-6-Inch-FHD_1601399437493.html
"Hot-Selling 15.6'' SlimLaptopwith 8GB RAM 512GB SSD
						Intel Celeron Processor Intel Graphics for Learning Office Home Use Stock!",US$152,"Shenzhen Aiopc Digital Communication Co., Limited",https://www.alibaba.com/product-detail/Hot-Selling-15-6-Slim-Laptop_1601421054450.html
10.5-Inch Dual Screen Touchscreen Gaming & BusinessLaptopIntel Processor New & English Keyboard 1TB 2TB SSD Metal Body,US$266.05-US$378.52,"Yijin Intelligent Technology (shenzhen) Co., Ltd.",https://www.alibaba.com/product-detail/10-5-Inch-Dual-Screen-Touchscreen_1601213936966.html
"High Quality ThinkPad T450 Core I5 I7 CPU 5th Gen 14 Inch
						PortableLaptopsBarebone",US$100-US$240,"Shanghai Qiyu Education Technology Co., Ltd.",https://www.alibaba.com/product-detail/High-Quality-ThinkPad-T450-Core-I5_1601424478910.html
"Customized 14 InchLaptopsWin10 Computer Portatil 6GB
						RAM 128GBROM 1366*768 9000mA Hardware Notebook Portable PC Computer",US$86.50-US$98,"Shenzhen Shengle Digital Technology Co., Ltd.",https://www.alibaba.com/product-detail/Customized-14-Inch-Laptops-Win10-Computer_1600406273233.html
"Wholesale ComputerLaptopMsis Lenovos HPs Asuss
						Business GamingLaptop","US$1,177-US$1,496","Chongqing Dolan Trading Co., Ltd.",https://www.alibaba.com/product-detail/Wholesale-Computer-Laptop-Msis-Lenovos-HPs_1601384282815.html
Laptopfor Students Factory WholesaleLaptopsWith Large Capacity 32GB+1TB for Business,US$228-US$274.80,"Shenzhen Peideluo E-Commerce Co., Ltd.",https://www.alibaba.com/product-detail/Laptop-for-Students-Factory-Wholesale-Laptops_1601246773893.html
"Cheap15.6 Inch IPS 1920*1080LaptopNotebook Computer
						Win10 Intel N5095 Business Office Learning Gaming Portable PcLaptops",US$150-US$165,"Shenzhen T.d.s Electronic Technology Co., Limited",https://www.alibaba.com/product-detail/Cheap15-6-Inch-IPS-1920-1080_1600790774077.html
"10.1 Inch Android 12.0 GreenLaptopAllwinner A133 Quad
						Core 2GB RAM 64GB Storage Student and Educational SlimLaptop",US$63,"Shenzhen Honlin Technology Co., Ltd.",https://www.alibaba.com/product-detail/10-1-Inch-Android-12-0_1601226656283.html
"16.1 Inch GamingLaptopCore I9 10885H I7-10750H Nvi-da
						GTX 1650 4G IPS 1920x1080 144Hz Ultrabook Win11 Gamer Notebook Computer",US$530-US$660,"Huizhou S-Xin Electronic Technology Co., Ltd.",https://www.alibaba.com/product-detail/16-1-Inch-Gaming-Laptop-Core_1600878195753.html
"The Latest Dual ScreenLaptopsBrand New Notebook N100
						2.0Ghz 16Gb 32Gb Ram 512GB 1Tb Ssd Multi-Purpose Device BusinessLaptop",US$217-US$231,"ABELOE (HK) TECHNOLOGY CO., LIMITED",https://www.alibaba.com/product-detail/The-Latest-Dual-Screen-Laptops-Brand_1601411669972.html
"Brand New Dual ScreenLaptop15.6 Inch and 7 Inch Touch
						Screen Intel N95 Double Display 16GB 1TB SSD for Gaming Business Office",US$220-US$299,"Chengdu Fibe Technology Service Co., Ltd.",https://www.alibaba.com/product-detail/Brand-New-Dual-Screen-Laptop-15_1601168477372.html
14 Inch Unlock Fingerprint Optional Touch Screen Industrial PcLaptopComputer I7 Rugged Notebook,"US$1,960",Shenzhen Swell Qiye Technology Company Limited,https://www.alibaba.com/product-detail/14-Inch-Unlock-Fingerprint-Optional-Touch_62258697933.html
"Dual Screen 15.6-Inch+ 7-Inch Touch 1TB SSD Intel Celeron N100
						Processor 128GB 256GB 512GB Options New BusinessLaptop",US$218-US$291,"Guangzhou Allison Technology Co., Ltd.",https://www.alibaba.com/product-detail/Dual-Screen-15-6-Inch-7_1601347000954.html
2024 NEW Suitable for Office and Daily Use 10.1 InchLaptopsCheap 10.1 Inch 4GB 128GB A133 CPU Ultra Mini Portable Computer,US$76.80,"Jingjiang Gisen Technology Co., Ltd.",https://www.alibaba.com/product-detail/2024-NEW-Suitable-for-Office-and_1601241690197.html
Wholesale Custom AZERTY Keyboard Dual ScreenLaptopTouch Screen 15.6+7 Inch Computer Student I7 I9 13thN100 BusinessLaptop,US$180-US$315,"Shenzhen Jingchuang Guodu Technology Co., Ltd.",https://www.alibaba.com/product-detail/Wholesale-Custom-AZERTY-Keyboard-Dual-Screen_1601329270279.html
"Core I7 11th GenLaptopComputer 16GB RAM 11 10th
						Generation 1TB SSD 8GB 15.6 Inch Intel NotebookLaptopI7",US$290-US$380,"Shenzhen Voche Electronics Technology Co., Ltd.",https://www.alibaba.com/product-detail/Core-I7-11th-Gen-Laptop-Computer_1600874037824.html
"I7 Core 11th 12thLaptopComputer 16GB RAM 11 10th
						Generation 1TB SSD 8GB 15.6 Inch Intel NotebookLaptopI7",US$512.64-US$639.04,"Jinan Guanshun Electronic Technology Co., Ltd",https://www.alibaba.com/product-detail/I7-Core-11th-12th-Laptop-Computer_1601250556800.html
"Core I9Laptop32GB RAM 16GB RAM Computer I9-10885H
						Touchscreen Dual Screen Notebook PC",US$588,"Shenzhen Anxin Taihe Technology Co., Ltd.",https://www.alibaba.com/product-detail/Core-I9-Laptop-32GB-RAM-16GB_1600583667339.html
"Rotating Portable Dual Touch Screen 14inch +16inch 2K QHD
						Hexa-Core I7 Gamer Notebook Computer Pc Business Cheap GamingLaptop",US$129-US$534,"Shenzhen Hopestar Sci-Tech Co., Ltd.",https://www.alibaba.com/product-detail/Rotating-Portable-Dual-Touch-Screen-14inch_1601246765233.html
"19 ""LaptopCore I3 I5 I7 Led Aio Cheap DesktopLaptopComputer Monoblock Barebone All in One Pc for Office Gaming",US$100.94-US$161.70,"Shenzhen XRH Sci-Tech Co., Ltd.",https://www.alibaba.com/product-detail/19-Laptop-Core-I3-I5-I7_1601283994270.html
"LaptopsBrand New Fingerprint 15.6inch Intel Core I7
						1165G7 I7 1185G7 11th 10th 9th Generation 16GB 32GB Business GameLaptop",US$348-US$518,"HK L&P TECHNOLOGY CO., LIMITED",https://www.alibaba.com/product-detail/Laptops-Brand-New-Fingerprint-15-6inch_1601011638115.html
"High Quality Original 95% NewLaptopSuitable for Dell
						Latitude 5550 I5-5th 8G Ram 256G Business 15.6-inchLaptopLaptop",US$130,"Guangzhou Youchuangyi E-Commerce Co., Ltd.",https://www.alibaba.com/product-detail/High-Quality-Original-95-New-Laptop_1600955344352.html
"NewLaptopComputer 1920*1080LaptopsCheap Core
						15.6Inch Student & EducationLaptopWith Fingerprint Backlight",US$128-US$154,"Shenzhen Vitek Electronics Co., Ltd.",https://www.alibaba.com/product-detail/New-Laptop-Computer-1920-1080-Laptops_1601048861699.html
95 New Elitebook 840 G5 I7-8th 8GB Memory UsedLaptopWin10 14 Inch UsedLaptopPortable Business Computer,US$195,"Guangzhou City Tianhe District Shipai Changle Digital Products Management
				Department",https://www.alibaba.com/product-detail/95-New-Elitebook-840-G5-I7_1601250378073.html
"Hot 14.1-Inch LaptopN400012th Generation with 128GB 256GB 512GB
						SSD for Home & Student Use As Personal Notebook",US$150-US$185,"Shenzhen Huashengtai Technology Co., Ltd.",https://www.alibaba.com/product-detail/Hot-14-1-Inch-LaptopN400012th-Generation_1601028603418.html
"Win11 16inch Dual Screen BusinessLaptopComputer 14inch
						Touch Screen 32GB SSD 1TBLaptopfor Video Editing",US$534.10,"Shenzhen Gst Communication Co., Ltd",https://www.alibaba.com/product-detail/Win11-16inch-Dual-Screen-Business-Laptop_1601395136823.html
2025 New 14 Inch Touch Screen 2-in-1 Business & GamingLaptopOEM Factory's Student-friendly Notebook Tablet Multifunctionality,US$210-US$250,"Beijing Guangshengying Import And Export Co., Ltd.",https://www.alibaba.com/product-detail/2025-New-14-Inch-Touch-Screen_1601222702250.html
"New 16.1 Inch Intel Core I9 10885H Gamer PC GTX1650 RTX4060
						Graphics Card Core I5 I9 12th 10th Gen 64GB Business GamingLaptop","US$679-US$1,014","Shenzhen Weiboer Digital Co., Ltd.",https://www.alibaba.com/product-detail/New-16-1-Inch-Intel-Core_1600455362110.html
"2025 Hot New Slim 14-inch BusinessLaptopwith Intel
						N4000 128Gb & 1TB Win 10 for Students",US$109-US$153,"Hanxuanmo (tianjin) Technology Development Co., Ltd.",https://www.alibaba.com/product-detail/2025-Hot-New-Slim-14-inch_1601268125797.html
"14 InchLaptopsWindow 10 Dual Core Intel Celeron N3350
						Notebook 6GB RAM 64 GB ROM Latop Computer",US$98-US$103,"Shenzhen Kowe Direct Co., Limited",https://www.alibaba.com/product-detail/14-Inch-Laptops-Window-10-Dual_1600798900549.html
"OEM DetachableLaptops2-in-1LaptopTouchscreen
						Win 11 14inch Notebook Computer for Office Work NetbookLaptops",US$269,"Shenzhen BQKK Technology Co., LTD.",https://www.alibaba.com/product-detail/OEM-Detachable-Laptops-2-in-1_1601020512555.html
"2024 Hot Sales 2 in 1 2.5K Double Touch Screen 13.5""LaptopsBrand New 16+1TB 9000 Battery Notebook BusinessLaptopsComputer",US$359-US$419,"Shenzhen Carevery Technology Co., Ltd.",https://www.alibaba.com/product-detail/2024-Hot-Sales-2-in-1_1601005398417.html
Newlaptopportable lightweight business office gaminglaptopwholesalelaptop,US$198.50-US$254.20,"Shenzhen Jiangyuan Microelectronics Technology Co., Ltd.",https://www.alibaba.com/product-detail/New-laptop-portable-lightweight-business-office_1601013199919.html
"LaptopBrand New AMD R7 GamingLaptopPC 15.9
						Inch FHD 2.5K 16GB 32GB DDR5 512GB SSD Portable Notebook English Keyboard US Plug",US$287-US$405,Shenzhen South Digital Limited,https://www.alibaba.com/product-detail/Laptop-Brand-New-AMD-R7-Gaming_1601254218665.html
Laptop8gb 1 Tb 14 Inches,US$300,"Xiamen Clarence Technology Co., Ltd.",https://www.alibaba.com/product-detail/Laptop-8gb-1-Tb-14-Inches_1601023475208.html
"2024 New Style 16-inch 2-in-1 TabletLaptopPortable
						Business Office LearningLaptopWith With Keyboard",US$220-US$450,ZHIGUANG HK INDUSTRY LIMITED,https://www.alibaba.com/product-detail/2024-New-Style-16-inch-2_1601258138552.html
"15.6 InchLaptopIntel Core I7 Processor I7-4578U 16GB
						RAM 512GB SSD Win 10 OS English Keyboard Premium NotebookLaptopComputer",US$219-US$239,"Shenzhen YEPO Time Electronics Co., Ltd.",https://www.alibaba.com/product-detail/15-6-Inch-Laptop-Intel-Core_1601219718890.html
Hot Selling 15.6 Inch 16G 512GB Quad Core OfficeLaptopwith Intel N95 Cheap PC Computer,US$149.52-US$194.02,"Shenzhen DreamQ Technology Development Co., Ltd.",https://www.alibaba.com/product-detail/Hot-Selling-15-6-Inch-16G_1600489899737.html
Double Touch Screen Notebook Portable Computer 15.6 InchLaptopPc Inter N5095 CPU 16/32G+128/512/1TBLaptop,US$153.62,"ABELOE (HK) TECHNOLOGY CO., LIMITED",https://www.alibaba.com/product-detail/Double-Touch-Screen-Notebook-Portable-Computer_1601348971422.html
Brand NewLaptopPC 15.6 Inch Factory Selling Mini GamingLaptopComputer Student HID Screen LearningLaptopsNotebook Compute,US$185-US$199,"Shenzhen Kingyard Technology Co., Ltd.",https://www.alibaba.com/product-detail/Brand-New-Laptop-PC-15-6_1600828619228.html
First Class MI Air 12 Super Thin Portable 12 Inch Core M3 CPU BusinessLaptop,US$70-US$90,"Shanghai Qiyu Education Technology Co., Ltd.",https://www.alibaba.com/product-detail/First-Class-MI-Air-12-Super_1601362758110.html
"For HP EliteBook 1030G3 X360 Intel Core I5-8 Gen 8G 256GB SSD 13.3"" Computer Notebook Touch",US$250,"Shenzhen Runyi Technology Co., Ltd.",https://www.alibaba.com/product-detail/For-HP-EliteBook-1030G3-X360-Intel_1601114242566.html
Lenovo Legion R7000 R7-7840 16GB 512GB 8GB-RTX4060 Pc GamingLaptopComputer with 144Hz 15.6inch IPS Screen,"US$1,011","Beijing Yike Century Technology Co., Ltd.",https://www.alibaba.com/product-detail/Lenovo-Legion-R7000-R7-7840-16GB_1601220663327.html
Factory Wholesale 15.6-inch N5095LaptopsStudentLaptopsBusinessLaptops,US$99.70-US$103.80,"Shenzhen Lightning E-Commerce Co., Ltd.",https://www.alibaba.com/product-detail/Factory-Wholesale-15-6-inch-N5095_1601366663930.html
"for hp High cost performance usedlaptop, factory direct sales 12G-1TSSD 640G4 i5-7th thin metallaptopFor image processing",US$180,Guangzhou City Tianhe District Shipai Changle Digital Products Management Department,https://www.alibaba.com/product-detail/for-hp-High-cost-performance-used_1601378497077.html
OEM Factory's Dual Screen Notebook Core I7-10750H Processor 16 Inch + 14 Inch 2K Touch ScreenLaptopfor Business New Camera,US$80-US$500,"HOPESTAR CO., LTD",https://www.alibaba.com/product-detail/OEM-Factory-s-Dual-Screen-Notebook_1601389042784.html
Dell Latitude E7440 UsedLaptopI7-4600U RAM 8GB 256GSSD WIFI 14 INCH TOUCHSCREE WIFI RJ-45 CAMERA BUSINESSLAPTOP,US$148,Guangzhou City Tianhe District Shipai Tiwen Computer Business Department,https://www.alibaba.com/product-detail/Dell-Latitude-E7440-Used-Laptop-I7_1601414251223.html
LaptopsBrand New 15.6 Inch T156-N5095 1920*1080 IPS LPDDR4 12GB SSD 128GB M.2 2280 SATA Win10/11 Notebooks for Work,US$126,"Mildtrans Industrial Co., Limited",https://www.alibaba.com/product-detail/Laptops-Brand-New-15-6-Inch_1601386607989.html
I7 Core Generation Gen 15.6 InchLaptop16GB RAM 1TB SSD IntelLaptopsI7,US$309,"Hanxuanmo (tianjin) Technology Development Co., Ltd.",https://www.alibaba.com/product-detail/I7-Core-Generation-Gen-15-6_1601345113829.html
Best Selling for Dell Inspiron 15 Pro 3530Laptop15.6inch 13th Gen I5-1335U I7-1355U 8gb 16gb 512gb Ssd Notebook Pc,US$699-US$899,"Zhengzhou Huiguo Electronic Technology Co., Ltd.",https://www.alibaba.com/product-detail/Best-Selling-for-Dell-Inspiron-15_1600920511579.html
Brand New HL140S 2 in 1LaptopTablet 14 Inch Touch Screen Intel N95 16GB RAM 512GB 1TB SSD Notebook PCLaptopfor Business Home,US$231.30-US$302.40,"Guangzhou Yixi Technology Co., Ltd.",https://www.alibaba.com/product-detail/Brand-New-HL140S-2-in-1_1601310840753.html
Intel 12th Gen Core I5LaptopI5-1235UL 1920*1080 8GB RAM 512GB SSD Desktop Computers Portable Home BusinessLaptop15.6 Inch,US$265,"Kiso Innovations Technology Co.,ltd",https://www.alibaba.com/product-detail/Intel-12th-Gen-Core-I5-Laptop_1601276955787.html
LaptopComputer 16GB RAM 512GB Can Update 1TB SSD 16GB 15.6 Inch Intel Metal NotebookLaptop,US$155.80,"Jingjiang Gisen Technology Co., Ltd.",https://www.alibaba.com/product-detail/Laptop-Computer-16GB-RAM-512GB-Can_1601308217804.html
High-Performance Lenovo GeekPro G5000 Inter Core I7-13650H 16GB 512GB RTX4050 15.6inch 144Hz Esports GamingLaptopComputer,US$944,"Beijing Yike Century Technology Co., Ltd.",https://www.alibaba.com/product-detail/High-Performance-Lenovo-GeekPro-G5000-Inter_1601220576475.html
Customized 15.6 Inch Notebook Win11 PRO Computadora Portatil Celeron N5095 RAM 16GB 1TB SSD NewLaptopComputer Support I 5 I 7,US$115-US$130,"Shenzhen Great I-Del Technology Co., Ltd.",https://www.alibaba.com/product-detail/Customized-15-6-Inch-Notebook-Win11_1601158058703.html
Dells Computer 14 15 3530Laptop15.6inch 13th Gen I5-1334U 16gb 512gb Ssd Notebook Pc,US$490-US$880,"Shenzhen Kaiwen Boyu Technology Co., Ltd.",https://www.alibaba.com/product-detail/Dells-Computer-14-15-3530-Laptop_1601265656067.html
High-Performance 13.3 Inch Multifunctional Intel HD Graphics Quad Core Notebook 830G5 I5-8TH-8GRAM-256GSSD BusinessLaptops,US$156,Guangzhou City Tianhe District Shipai Changle Digital Products Management Department,https://www.alibaba.com/product-detail/High-Performance-13-3-Inch-Multifunctional_1601420059324.html
Factory Wholesale Newest Android Smart Gaming Tablets Pc GamingLaptops5G WiFi Enabled 12GB+512GB 11inch Computer for Business,US$41.90,"Dongguan Hecheng Interactive Technology Co., Ltd.",https://www.alibaba.com/product-detail/Factory-Wholesale-Newest-Android-Smart-Gaming_1601208033839.html
"15.6\"" + 7\"" Dual Screen BusinessLaptopTouch Screen 16GB RAM 2TB SSD Intel N100 Quad Core Custom Plugs English Keyboard",US$243.89-US$264.67,"Yijin Intelligent Technology (shenzhen) Co., Ltd.",https://www.alibaba.com/product-detail/15-6--7-Dual-Screen_1601297176133.html
DELL 2024 New CheapLaptopCore I5 16GB RAM 512GB 15.6 Inch WholesaleLaptopsLaptopsBrand New,US$579.60,"Henan Province hemumu trading Co. , LTD",https://www.alibaba.com/product-detail/DELL-2024-New-Cheap-Laptop-Core_1601172844239.html
Customized 15.6 Inch Notebook Win11 RAM 16GB 1TB SSDLaptopComputer Support I7 I9,US$233.84-US$307.58,"Jinan Guanshun Electronic Technology Co., Ltd",https://www.alibaba.com/product-detail/Customized-15-6-Inch-Notebook-Win11_1601267274761.html
Katana 15 GamingLaptop15.6'' FHD IPS 144Hz 12th Gen Intel 10-Core I7-12650H 4.7Ghz GeForce RTX 4070 4GB Memory Computer,"US$1,300","Changsha Huanlong Technology Co., Ltd.",https://www.alibaba.com/product-detail/Katana-15-Gaming-Laptop-15-6_11000021999072.html
FactoryLaptop128 256 512gb 1TB SSD 14-inch N3350 PortableLaptopBusiness StudentLaptops,US$122.57,"Hanxuanmo (tianjin) Technology Development Co., Ltd.",https://www.alibaba.com/product-detail/Factory-Laptop-128-256-512gb-1TB_1601359343260.html
15.6 Inch I5-1135G7 Core 11th GenLaptopwith Quad Core 16GB RAM 1TB SSD Intel Metal Notebook UK/AU/EU/US Plug,US$324-US$378,"Shenzhen Honlin Technology Co., Ltd.",https://www.alibaba.com/product-detail/15-6-Inch-I5-1135G7-Core_1601209931432.html
Hot 15.6 Inch2gb 32GB CheapestLaptopNotebook Intel N4000 8GB 128GBLaptopComputer with Win 10 OS Free Shipping,US$110,"Shenzhen Bestviewtech Electronics Co., Ltd.",https://www.alibaba.com/product-detail/Hot-15-6-Inch2gb-32GB-Cheapest_60803993817.html
Lenovo Xiaoxin Pro 16 2023LaptopAmd R7 7735hs Ultrabook 16g/32g Ram 1t Ssd 16-inch 2.5k 120hz Ips Full Screen Notebook,US$850-US$950,"Zhengzhou Huiguo Electronic Technology Co., Ltd.",https://www.alibaba.com/product-detail/Lenovo-Xiaoxin-Pro-16-2023-Laptop_1600806613191.html
Wholesale X60 Core Duo OriginalLaptops12 Inch Low PriceLaptopCore I5 I7 Notebook Computer,US$55-US$85,"Longdake (shenzhen) Technology Co., Ltd.",https://www.alibaba.com/product-detail/Wholesale-X60-Core-Duo-Original-Laptops_1600235961991.html
LaptopNotebook 15.6 Inch Win10/11 Ram 16gb CheapLaptopSupport 128/512gb Ssd Computadora Portatil I5 I7 I9 Level CpuLaptops,US$84.50-US$179,"Di Xiang Industrial (shenzhen) Co., Ltd.",https://www.alibaba.com/product-detail/Laptop-Notebook-15-6-Inch-Win10_1601386863772.html
In Stock Cheapest Portable Ultrathin 14inch AMD 3020e 4GB 128GBBrand NewLaptopComputer Notebook Ordinateur Portable Students,US$84-US$98,Shenzhen South Digital Limited,https://www.alibaba.com/product-detail/In-Stock-Cheapest-Portable-Ultrathin-14inch_1600782334354.html
"Latest 4-in-1 Touch Screen BusinessLaptopwith 14-inch 360-degree Folding, Learning and Gaming Notebook with 16 RAM and 2TB SSD",US$195-US$327,"Shenzhen Jingchuang Guodu Technology Co., Ltd.",https://www.alibaba.com/product-detail/Latest-4-in-1-Touch-Screen_1601369654220.html
Brand NewLaptopN5095 TouchLaptopwith 13.5 Inch 2.5K Screen RAM 12GB BusinessLaptop,US$188-US$269,"HK L&P TECHNOLOGY CO., LIMITED",https://www.alibaba.com/product-detail/Brand-New-Laptop-N5095-Touch-Laptop_1601062589806.html
OEM GamingLaptopwith I3 I5 I7 I9 10th 11th 12th Generation Intel Processors 16GB Memory UK Plug for Games and Design,US$530,"Shenzhen T.d.s Electronic Technology Co., Limited",https://www.alibaba.com/product-detail/OEM-Gaming-Laptop-with-I3-I5_1601042453120.html
Brand New Notebook 14 Inch Win 11 N3350 2.4Ghz DDR3 6GB RAM 64GB ROM and HD ScreenLaptopComputer Not RefurbishedLaptops,US$69-US$110,"Shenzhen Fuli Technology Co., Ltd.",https://www.alibaba.com/product-detail/Brand-New-Notebook-14-Inch-Win_1600795706552.html
Wholesale OEM 14.1 Inch StudentLaptopPc Computer Business Notebook Brand New Personal HomeLaptopsCheapLaptops,US$163-US$179,"ABELOE (HK) TECHNOLOGY CO., LIMITED",https://www.alibaba.com/product-detail/Wholesale-OEM-14-1-Inch-Student_1601275471730.html
15.6 InchLaptopPC Intel Corei5 I7 8GB Ddr4 RAM 256GB SSD Optional Notebook Computer Factory OEM,US$139-US$229,"Shenzhen Itzr Technology Co., Ltd.",https://www.alibaba.com/product-detail/15-6-Inch-Laptop-PC-Intel_1600128163121.html
2-in-1 11.6-Inch Touch ScreenLaptopwith 360 Rotating 8GB RAM 512GB SSD Intel Processor Popular N4020 Notebook,US$181.50-US$181.60,"Shenzhen Peideluo E-Commerce Co., Ltd.",https://www.alibaba.com/product-detail/2-in-1-11-6-Inch_1601294152788.html
For Order EliteBook 830 G6LaptopCore I5 I7 CPU 8th Gen 13 Inch BusinessLaptops,US$190-US$320,"Shanghai Qiyu Education Technology Co., Ltd.",https://www.alibaba.com/product-detail/For-Order-EliteBook-830-G6-Laptop_1601360196913.html
Factory Direct New 8GB 128GB 2 in 1 TabletLaptopPC 10 Inch IPS for Win Tablet PC Win 10/Win 11,US$115.88-US$158.88,"Shenzhen CWHT Technology Co., Ltd.",https://www.alibaba.com/product-detail/Factory-Direct-New-8GB-128GB-2_1600499028516.html
2025 Hot Wholesale OEM 14 Inch FHD Thin Win10 ProLaptopN4000 Quad Core 2.0Ghz Like I5 Portatil Ddr4 8GB SSDLaptopNotebook,US$119.80,Shenzhen Xingzegao Electronics Ltd.,https://www.alibaba.com/product-detail/2025-Hot-Wholesale-OEM-14-Inch_1601386807214.html
14 Inch IPS 1280*800 CheapLaptopSlimLaptopfor Student,US$139,"Shenzhen Greenwell  Technology Co., Ltd.",https://www.alibaba.com/product-detail/14-Inch-IPS-1280-800-Cheap_62500270106.html
Original High Performance Lenovo BusinessLaptopIdeaPad 15s AMD R5-7430U 16GB 512GB 15.6-Inch IPS 60Hz Pc Notebook Computer,US$450-US$500,"Beijing Yike Century Technology Co., Ltd.",https://www.alibaba.com/product-detail/Original-High-Performance-Lenovo-Business-Laptop_1601299999272.html
LaptopH/p X360 1030 G3 OfficeLaptopI5-8th 8+256 Touch Screen Business Home NotebookLaptop,US$259,"Chongqing Dolan Trading Co., Ltd.",https://www.alibaba.com/product-detail/Laptop-H-p-X360-1030-G3_1601250064659.html
2025 Brand New Factory Wholesale N5095LaptopPersonal Home Brand New 16+512gb CheapestLaptopFor Students Office,US$130-US$215,Junsha International Holdings Limited,https://www.alibaba.com/product-detail/2025-Brand-New-Factory-Wholesale-N5095_1601405758363.html
Factory OEM/ODM Easy Connection 13-17inchLaptopsDual 1080P LCD Display NotebookLaptopTriple Screen Monitors,US$169,"Shenzhen Helu Technology Co., Ltd.",https://www.alibaba.com/product-detail/Factory-OEM-ODM-Easy-Connection-13_1601198830153.html
15.6-inch UltrabookLaptop- Ultra-Portable Notebook Computer with Long Battery Life & Fast SSD Storage,US$80,"Shenzhen Aiopc Digital Communication Co., Limited",https://www.alibaba.com/product-detail/15-6-inch-Ultrabook-Laptop-Ultra_1601408559677.html
"Brand New BusinessLaptopsT156-N100 16GB 512GB M.2 2280 SATA SSD with Touch Panel and Backlit Keyboard 15.6"" Notebook Computer",US$175,"Shenzhen Mild-Trans Industrial Co., Ltd.",https://www.alibaba.com/product-detail/Brand-New-Business-Laptops-T156-N100_1601363788106.html
FTL-UTS90 Notebook Color Doppler Portable Best Price Color DopplerLaptopUltrasound Machine Medical Imaging For Animal,"US$1,300-US$1,600","Fatali Medical Technology (foshan) Co., Ltd.",https://www.alibaba.com/product-detail/FTL-UTS90-Notebook-Color-Doppler-Portable_1601305170014.html?s=p
Dixiang Top Wholesale Brand New 14'' Inch Cheapest NewLaptopComputer N3350 4GB Notebook Computer,US$94,"Di Xiang Industrial (shenzhen) Co., Ltd.",https://www.alibaba.com/product-detail/Dixiang-Top-Wholesale-Brand-New-14_1600934563922.html
2+64GB Android 12.0 Fully Sealed Smart WiFi Projector 1080P 4K Full HD Screen Projector 1200 ANSI Lumen Home Theater Beamer,US$156,Shenzhen Smartcn Technology Limited,https://www.alibaba.com/product-detail/2-64GB-Android-12-0-Fully_1601447458638.html?s=p
Best Price NewLaptop15.6 Inch 16GB RAM 256GB SSD Celeron N5095 Win 10 BusinessLaptopNotebook Computer,US$175-US$219,Shenzhen Reborn Technology Company Limited,https://www.alibaba.com/product-detail/Best-Price-New-Laptop-15-6_1600347534265.html
Mini Industrial PC 12th Gen Intel Core I3 I5 I7 Cheap Cloud Solution with AU US CN EU Plugs,US$99.99-US$159.99,Shenzhen Yiyun Electronic Limited Company,https://www.alibaba.com/product-detail/Mini-Industrial-PC-12th-Gen-Intel_11000019593140.html?s=p
2025 Hot Wholesale Intel Core N5095 Business 16GB+256GBLaptops15.6 Inch Notebook for Business Portable Notebook,US$178,Shenzhen Xingzegao Electronics Ltd.,https://www.alibaba.com/product-detail/2025-Hot-Wholesale-Intel-Core-N5095_1601386774827.html
"Home Theater Projector HD 1080P 1000ANSI Lumens 4.45"" LCD Auto Focus WiFi BT 5.0 4K Support Android 12 Projectors Office Class",US$125,Shenzhen Smartcn Technology Limited,https://www.alibaba.com/product-detail/Home-Theater-Projector-HD-1080P-1000ANSI_1601448269219.html?s=p
16inchLaptop16gb Ram 2TB Intel Notebook N95 Computadora Portatil Ordinateur PortableLaptopComputerLaptops,US$185-US$198,"Shenzhen Vocca Electronics Co., Ltd.",https://www.alibaba.com/product-detail/16inch-Laptop-16gb-Ram-2TB-Intel_1600990530969.html
DW-L3 Basic Version OfLaptopColor Doppler Ultrasound Scanner,"US$2,199-US$5,299","Dawei Medical (Jiangsu) Co., Ltd.",https://www.alibaba.com/product-detail/DW-L3-Basic-Version-Of-Laptop_1601443132241.html?s=p
Laptop15.6Inch Intel UHD Graphics N5095LaptopComputer Keyboards Backlight BusinessLaptops,US$149-US$233,"Guangzhou Allison Technology Co., Ltd.",https://www.alibaba.com/product-detail/Laptop-15-6Inch-Intel-UHD-Graphics_1601336651045.html
4.45inch LCD 1080P Projector 1000ANSI 4k 8k Video Support Auto Focus Keystone HD USB For Home/Movie/Office/Classroom Android 12,US$125,Shenzhen Smartcn Technology Limited,https://www.alibaba.com/product-detail/4-45inch-LCD-1080P-Projector-1000ANSI_1601447970302.html?s=p
Original Brand New New Design 15.6 + 7 Inch SlimLaptopComputers With Touch Screen Notebook ComputerLaptop,US$233.24-US$272.44,"Shenzhen Gst Communication Co., Ltd",https://www.alibaba.com/product-detail/Original-Brand-New-New-Design-15_1601052801276.html
DW-580 Best Seller PlasticLaptopUltrasonic Scanner Equipment CE & ISO Certified Black/White Basic Color,"US$950-US$1,999","Dawei Medical (Jiangsu) Co., Ltd.",https://www.alibaba.com/product-detail/DW-580-Best-Seller-Plastic-Laptop_1601433769840.html?s=p
Super Cheap 14.1 Inch BrandLaptopsJ4125 8GB RAM SSD Optional NewLaptopsfor Home & Business and WorkingLaptopComputers,US$155-US$240,"Shenzhen Honlin Technology Co., Ltd.",https://www.alibaba.com/product-detail/Super-Cheap-14-1-Inch-Brand_1601209370106.html
"15""LED Trolley Diagnostic System Best Price Ultrasonic Ultrasound Machine Factory",US$100,"Xuzhou Forward Medical Instrument Co., Ltd.",https://www.alibaba.com/product-detail/15-LED-Trolley-Diagnostic-System-Best_60601568043.html?s=p
2024 Low Price Brand New Brand N95 15.6-inch Win 11Laptop16/32GB RAM ROM Personal and Home Learning and EducationLaptops,US$159.60-US$194.75,"Hanxuanmo (tianjin) Technology Development Co., Ltd.",https://www.alibaba.com/product-detail/2024-Low-Price-Brand-New-Brand_1601291939521.html
7 Inch TN HD-MI Suitable For Windows Raspberry Linux Android System BB Black Banana Pi And Other Mainstream Mini PC,US$47,"Beijing DWIN Technology Co., Ltd.",https://www.alibaba.com/product-detail/7-Inch-TN-HD-MI-Suitable_1600814196931.html?s=p
Wholesale I7 Core Business 16GB+1TBLaptops15.6 Inch for Business Portable Notebook,US$298.59,"Hanxuanmo (tianjin) Technology Development Co., Ltd.",https://www.alibaba.com/product-detail/Wholesale-I7-Core-Business-16GB-1TB_1601294155110.html
New One Touch Functions High Boron Glass Visualization 4.5 Quart Oilless Air Fryer,US$30.50-US$33.50,"Handinhand (Zhejiang) Electronic Commerce Co., Ltd.",https://www.alibaba.com/product-detail/New-One-Touch-Functions-High-Boron_1600432513808.html?s=p
China Cheapest N4000 14-inch Core BusinessLaptopUltra Slim GamingLaptopPersonal & Home Study EducationLaptop,US$123-US$128,"Hanxuanmo (tianjin) Technology Development Co., Ltd.",https://www.alibaba.com/product-detail/China-Cheapest-N4000-14-inch-Core_1601420826099.html
Scientific Calculator Logo Digital Professional Students Mathematics Fx 991es Plus Custom Solar Electronic Scientific Calculator,US$3.25-US$3.99,"Guangzhou Cania Technology Co., Limited",https://www.alibaba.com/product-detail/Scientific-Calculator-Logo-Digital-Professional-Students_1600579283501.html?s=p
US Warehouse 15.6Inch 16GB+512GB Intel N5095 5000mAH WholesaleLaptopComputer Ordinateur Portable Core 5 BusinessLaptop,US$178,Shenzhen Xingzegao Electronics Ltd.,https://www.alibaba.com/product-detail/US-Warehouse-15-6Inch-16GB-512GB_1601386775910.html
Wholesale Factory Price B/W Ultrasound Scanner Imaging System 4D Black White Ultrasound Machine With Trolley,"US$1,400","Guangzhou Anton Medical Technology Co., Ltd.",https://www.alibaba.com/product-detail/Wholesale-Factory-Price-B-W-Ultrasound_1600868607491.html?s=p
"New BusinessLaptopNuevo 15.6""+7"" Dual Touch Screen 180 Degree Opening Win 11 Intel N95 Backlight Keyboard Double ScreenLaptop",US$233-US$278,"Guangzhou Yixi Technology Co., Ltd.",https://www.alibaba.com/product-detail/New-Business-Laptop-Nuevo-15-6_1600970974716.html
DW-690 Dual Probe InterfaceLaptopUltrasound System Black And White With Metal And Plastic Materials Electric Power Source,"US$1,300-US$3,000","Dawei Medical (Jiangsu) Co., Ltd.",https://www.alibaba.com/product-detail/DW-690-Dual-Probe-Interface-Laptop_1601438829457.html?s=p
15.6-Inch Business Notebook with Core I3 I5 I7 I9 Windows 11 PRO Wireless English Keyboard NewLaptopfor Business Use,US$391-US$539,"Guangzhou Allison Technology Co., Ltd.",https://www.alibaba.com/product-detail/15-6-Inch-Business-Notebook-with_1601379171867.html
2 X MCIO 8i with 4 X Gen5 NVMe AMD 9004/9005 PCIe 5.0 X 16 Slots Dual-socket Workstation Server,"US$1,600-US$1,800","Shenzhen Telefly Telecommunications Equipment Co., Limited",https://www.alibaba.com/product-detail/2-X-MCIO-8i-with-4_1601379992814.html?s=p
Original Brand New New Design 15.6 + 7 Inch SlimLaptopComputers With Touch Screen Notebook ComputerLaptop,US$217-US$275,"Hanxuanmo (tianjin) Technology Development Co., Ltd.",https://www.alibaba.com/product-detail/Original-Brand-New-New-Design-15_1601408700029.html
"FTL-UTS100 Notebook Color Doppler PortableLaptopUltrasound Machine Medical Imaging For Pet 15"" HD Display","US$1,500-US$2,000","Fatali Medical Technology (foshan) Co., Ltd.",https://www.alibaba.com/product-detail/FTL-UTS100-Notebook-Color-Doppler-Portable_1601305140728.html?s=p
Factory DirectLaptop128 256 512GB 1TB SSD 14 Inch N3350 DDR3 New Business StudentsLaptopsNotebook for Celeron,US$109-US$126,"Guangzhou Allison Technology Co., Ltd.",https://www.alibaba.com/product-detail/Factory-Direct-Laptop-128-256-512GB_1601336471382.html
Custom Logo Leather A5 Size Business Smart Notebook With Wireless Charger Charging Loose Leaf Journal Gift For Professionals,US$15.30,"Shenzhen Haoheng Leather Goods Co., Ltd.",https://www.alibaba.com/product-detail/Custom-Logo-Leather-A5-Size-Business_1600978164733.html?s=p
BusinessLaptopWith 512GB 1TB SSD 15.6-Inch IPS Display Notebook for Business 11th Generation,US$159.60-US$194.75,"Hanxuanmo (tianjin) Technology Development Co., Ltd.",https://www.alibaba.com/product-detail/Business-Laptop-With-512GB-1TB-SSD_1601266581292.html
"Crucial X9 Portable SSD 1TB 2TB For PC And Mac, Lightweight And Small With USB 3.2 External Solid State Drive",US$65-US$110,"Shenzhen Tianteng Digital Technology Co., Ltd.",https://www.alibaba.com/product-detail/Crucial-X9-Portable-SSD-1TB-2TB_1601437204121.html?s=p
J4105 New Hot Wholesale 14.1-Inch Slim Notebook 4000mAhLaptopPC with Win11 Cheap Netbook Mini Computer for Personal & Home Use,US$130-US$165,"Shenzhen Huashengtai Technology Co., Ltd.",https://www.alibaba.com/product-detail/J4105-New-Hot-Wholesale-14-1_1601034427603.html
New Original HPE ProLiant Dl360 DL380 Gen10 Plus Gen11 Intel Xeon GPU 2U Rack Chassis System Data Center Virtual Computer Server,"US$150-US$1,500","Beijing Puhua Haotian Technology Co., Ltd.",https://www.alibaba.com/product-detail/New-Original-HPE-ProLiant-Dl360-DL380_1601004650299.html?s=p
Dual ScreenLaptop15.6 Inch + 7 Inch Touch Screen Intel N100 Processor GamingLaptopNotebook Computer BusinessLaptop,US$220-US$310,"Shenzhen Vocca Electronics Co., Ltd.",https://www.alibaba.com/product-detail/Dual-Screen-Laptop-15-6-Inch_1601000850099.html
FX-991MS Scientific Calculator FX-100MS Engineerig Customized Student Calculate Cientifica Calculadora Calculator Scientific,US$1.49-US$2,"Guangzhou Cania Technology Co., Limited",https://www.alibaba.com/product-detail/FX-991MS-Scientific-Calculator-FX-100MS_1600332141971.html?s=p
"2025 New Hot Sale Brand New 14\""-15.6\"" InchLaptopPC Win 10 Intel 8GB RAM 128GB-256GB-1024GB-1TB SSD 1TB Inventory Price",US$128.68,"Shenzhen Chaowu Technology Co., Ltd.",https://www.alibaba.com/product-detail/2025-New-Hot-Sale-Brand-New_1601372385490.html
Used Sirona XG 3D Dental Panoramic Machine Digital Cbct 3D,"US$14,200-US$16,600","Guangzhou Happycare Medical Equipment Co., Ltd.",https://www.alibaba.com/product-detail/Used-Sirona-XG-3D-Dental-Panoramic_1601440382781.html?s=p
Hot Selling New 14.1 Inch 16Gb+512Gb Wifi6 Gaming Business Office PersonalLaptopGamingLaptop,US$120,"Shenzhen Huashengtai Technology Co., Ltd.",https://www.alibaba.com/product-detail/Hot-Selling-New-14-1-Inch_1601290868697.html
Le-novo ThinkServer SR660 V2 Rack Mounted Server 2x Intel Xeon Silver 4316 40 Cores/128GB 16GB+64GB HDD Three Years Warranty,"US$2,500","Jinma Group (China) Co., Limited",https://www.alibaba.com/product-detail/Le-novo-ThinkServer-SR660-V2-Rack_1601398865762.html?s=p
Brand new Custom logolaptopsnotebook N100 16GB DDR4 512GB SSD Ultra Thin 15.6+7inch Double screenlaptopcomputer,US$248,"Shenzhen Gst Communication Co., Ltd",https://www.alibaba.com/product-detail/Brand-new-Custom-logo-laptops-notebook_1601397471215.html
FTL-UTS60 Notebook B/W Ultrasound Cheap Digital HandheldLaptopPortable Ultrasound Machine One Probe Socket For Animals,US$500-US$900,"Fatali Medical Technology (foshan) Co., Ltd.",https://www.alibaba.com/product-detail/FTL-UTS60-Notebook-B-W-Ultrasound_1601304621580.html?s=p
Factory Direct 14 Inch N3350 Notebook New BusinessLaptopswith 128/256/512GB 1TB SSD DDR3 for Students and Professionals,US$109-US$126,"Guangzhou Allison Technology Co., Ltd.",https://www.alibaba.com/product-detail/Factory-Direct-14-Inch-N3350-Notebook_1601381709840.html
Best Selling Business Mini Desktop Computer Intel N100 N150 DDR5 16GB M.2 Hard Drive 250GB N100 Mini 32GB Industrial Computer,US$149-US$399,"FAS Technology Co., Ltd.",https://www.alibaba.com/product-detail/Best-Selling-Business-Mini-Desktop-Computer_1601434178556.html?s=p
2025 14.1-InchLaptopN4000 with 6GB/1TB RAM 1920*1080 IPS Screen WIN 11 Operating System for Personal Home & Educational,US$109,"Hanxuanmo (tianjin) Technology Development Co., Ltd.",https://www.alibaba.com/product-detail/2025-14-1-Inch-Laptop-N4000_1601266311927.html
Original Win 11 Pro USB Full Package Online Activation Win 11 Pro Retail USB Box Win 11 Pro Box Guaranteed Fast Shipping,US$17,"Guangzhou Chengqi Technology Co., Ltd.",https://www.alibaba.com/product-detail/Original-Win-11-Pro-USB-Full_1601395380895.html?s=p
China 14.1-Inch N4000 BusinessLaptopPortable Lightweight All-In-One Office Student Education English for Personal Home Use,US$124-US$128,"Hanxuanmo (tianjin) Technology Development Co., Ltd.",https://www.alibaba.com/product-detail/China-14-1-Inch-N4000-Business_1601382939916.html
10.4/12.1/13.3/15/15.6/17/18.5/19/21.5/23.6/27 Inch Touch Panel Core I5/4G/64G All-in-one Industrial Touchscreen Computer,US$332-US$504,"Guangzhou Baochuang Electronic Technology Co., Ltd.",https://www.alibaba.com/product-detail/10-4-12-1-13-3_1600800252813.html?s=p
15.6 Inch Intel I9 11900H Portable BusinessLaptopNew 16GB RAM 1TB SSD for Personal Use,US$459,"Shenzhen Honlin Technology Co., Ltd.",https://www.alibaba.com/product-detail/15-6-Inch-Intel-I9-11900H_1601323540319.html
Periodmed Factory Price Portable Handheld Doppler Ultrasound Wireless Handheld Ultrasound Machine,"US$1,400-US$1,800","Jiangsu Periodmed Science Technology Co., Ltd.",https://www.alibaba.com/product-detail/Periodmed-Factory-Price-Portable-Handheld-Doppler_1601256556198.html?s=p
"15.6\"" BusinessLaptopIntel Processors Custom Portable Metal English DDR4 256GB 512GB 128GB 2TB WiFi 1TB 7 Inch",US$243.89-US$357.51,"Yijin Intelligent Technology (shenzhen) Co., Ltd.",https://www.alibaba.com/product-detail/15-6-Business-Laptop-Intel-Processors_1601297004884.html
New Machine Mitsubishi Video Thermal Doppler Cable Prices Paper Manufacturer Best 3D Color Scan Ultrasound Printers,US$300-US$600,"Hunan Zetop Medical Co., Ltd.",https://www.alibaba.com/product-detail/New-Machine-Mitsubishi-Video-Thermal-Doppler_1600260574099.html?s=p
2024 MIini 13.5 + 13.5 Inch 2 in 1LaptopDual Screen Touch Screen NewLaptopfor Portable,US$360-US$469,"Shenzhen Chxk Technology Co., Ltd.",https://www.alibaba.com/product-detail/2024-MIini-13-5-13-5_1601038239365.html
Best Price C320 DC AC With Test Video Mini OLTS Zxa10 C320 GTGH C++ GTGO Ftth Olts 10G 1G 2slots Gpon Epon OLT,US$404.10-US$598.90,"Guangzhou Qiton Electronics Technology Co., Ltd.",https://www.alibaba.com/product-detail/Best-Price-C320-DC-AC-With_1600623058925.html?s=p
Low Price N4000 14-inchLaptop256GB 1TB Ultra Slim Gaming Personal & Home Learning Education OfficeLaptops,US$124.20-US$162,"Hanxuanmo (tianjin) Technology Development Co., Ltd.",https://www.alibaba.com/product-detail/Low-Price-N4000-14-inch-Laptop_1601279953617.html
Winson All in One Point of Sale Cash Register Machine Android Touch Screen POS Terminal POS Systems,US$158.40,"Guangzhou Winson Information Technology Co., Ltd.",https://www.alibaba.com/product-detail/Winson-All-in-One-Point-of_1600437866343.html?s=p
"15.6\"" 13th Gen Intel N95 BusinessLaptopUltra-Thin 1920X1080IPS Case 8G DDR 128GB-1TB SSD Wireless 15.6 Inch BusinessLaptop",US$170-US$287,"Shenzhen Vocca Electronics Co., Ltd.",https://www.alibaba.com/product-detail/15-6-13th-Gen-Intel-N95_1601002244525.html
Full Set of Retail Single Screen Point of Sale Supermarket Pos System All in One Machine Cash Register,US$30-US$440,"Sunson Iot  (xiamen) Technology Co., Ltd.",https://www.alibaba.com/product-detail/Full-Set-of-Retail-Single-Screen_1600899725717.html?s=p
BusinessLaptopBag 15.6 for HP Dell ASUS Macbook Zipper Front AccessoriesLaptopBriefcase Case Bag Sleeve Business Men Women,US$5.60,"Guangzhou Maplestory Case Co., Ltd.",https://www.alibaba.com/product-detail/Business-Laptop-Bag-15-6-for_60835488772.html
Wide Viewing Angle Portable Ultrasound Diagnostic System Scanner Animal Ultrasound Device,US$915,"KAI CHENG INDUSTRIAL CO., LIMITED",https://www.alibaba.com/product-detail/Wide-Viewing-Angle-Portable-Ultrasound-Diagnostic_1601439724662.html?s=p
Computer Business OfficeLaptopBag for Men Price in DollarsLaptopHandbag High Quality,US$4.55,"Shenzhen Youhui Electronics Co., Ltd.",https://www.alibaba.com/product-detail/Computer-Business-Office-Laptop-Bag-for_1601187499315.html
15.6 Inch Dual Touch Screen Computer POS System Machine Monitor Win 7 10 All in One POS Terminals,US$30-US$440,"Sunson Iot  (xiamen) Technology Co., Ltd.",https://www.alibaba.com/product-detail/15-6-Inch-Dual-Touch-Screen_1600939717293.html?s=p
"Redmi Book 14 2024 I5-13500H Integrated Graphics, Lightweight, Office notebook, High-performance",US$555-US$625,"Chengdu Chenxuan Communication Equipment Co., Ltd.",https://www.alibaba.com/product-detail/Redmi-Book-14-2024-I5-13500H_1601395383304.html
LHWN50 Multi-function Ultrasound System Animals Full Digital Ultrasonic Diagnostic Device PortableLaptopVet Ultrasound,"US$803-US$1,270","Shenzhen Lohas Medical Devices Co., Ltd.",https://www.alibaba.com/product-detail/LHWN50-Multi-function-Ultrasound-System-Animals_1600721716312.html?s=p
High Quality OEM NotebookLaptop15.6 Inch 16GB+512GB I5 I7 I9 New OEM for Educational Business and Home,US$178,Shenzhen Xingzegao Electronics Ltd.,https://www.alibaba.com/product-detail/High-Quality-OEM-Notebook-Laptop-15_1600243909470.html
65inch Waterproof Tempered Glass Lcd Indoor Touch Screen Table All In One Pc Touch Interactive Smart Table,US$550-US$800,"Shanghai Zhuxin Intelligent Technology Co., Ltd.",https://www.alibaba.com/product-detail/65inch-Waterproof-Tempered-Glass-Lcd-Indoor_1601444099378.html?s=p
New Mini Portable PC1068Laptop10.1 Inch Win 10 N3350+IPS+2G+32G Pink Color Notebook with English Keyboard Cheap Portable,US$70,"Shenzhen Honlin Technology Co., Ltd.",https://www.alibaba.com/product-detail/New-Mini-Portable-PC1068-Laptop-10_1600869677541.html
MFG Direct Selling Flash Pro Ultra Power Bank 25000mAh 140W Fast Charging 289.5W Power Bank With OLED Screen,US$69-US$89,"Shenzhen TDE Technology Co., LTD.",https://www.alibaba.com/product-detail/MFG-Direct-Selling-Flash-Pro-Ultra_1601377803608.html?s=p
LaptopBag Case for Macbook Air Pro 13 14 15.6 Xiaomi Lenovo Asus Dell HP Notebook Sleeve 13.3 Inch Protective Case Black Grey,US$3.29,"Shenzhen Anryque Technology Co., Ltd.",https://www.alibaba.com/product-detail/Laptop-Bag-Case-for-Macbook-Air_1601268481503.html
YPOO New Large Slope -6-+46% Auto Incline Home Treadmill Gym Fitness Equipment Semi Commercial Treadmill With App,US$399-US$539,"Zhejiang Ypoo Health Technology Co., Ltd.",https://www.alibaba.com/product-detail/YPOO-New-Large-Slope-6-46_1601380592791.html?s=p
2024 13.5 Inch Dual Touch Screen 2.5K 2256*1504 ResolutionLaptopN100 DDR5 16G 12Gen 9000 BatteryLaptopPc,US$349.20,"Shenzhen DreamQ Technology Development Co., Ltd.",https://www.alibaba.com/product-detail/2024-13-5-Inch-Dual-Touch_1601016065059.html
Diesel Generator Sets 10kva 15kva 20kva 40kva 60kva 80kva 100kva Super Silent Diesel Generator Diesel Generators For Sale 800KVA,"US$2,500-US$8,000",Jiangsu Mado Engineering Ltd.,https://www.alibaba.com/product-detail/Diesel-Generator-Sets-10kva-15kva-20kva_1601358155125.html?s=p
New GamingLaptopI9 12900H RTX4060 8G 12GEN Notebook Computer 64G 1TB High-end GamingLaptop,US$808.20,"Shenzhen DreamQ Technology Development Co., Ltd.",https://www.alibaba.com/product-detail/New-Gaming-Laptop-I9-12900H-RTX4060_1601260567237.html
Fitness Cardio Home Use Electric Semi Commercial Treadmill 18km High Speed Treadmill Running Machine,US$182-US$203,"Zhejiang Ypoo Health Technology Co., Ltd.",https://www.alibaba.com/product-detail/Fitness-Cardio-Home-Use-Electric-Semi_1601367727231.html?s=p
15.6-Inch FHD IPS Display Win10 Notebook Intel Core I5-1135G7 Processor 16GB DDR4 RAM 512GB MetalLaptop,US$360-US$380,"Shenzhen Honlin Technology Co., Ltd.",https://www.alibaba.com/product-detail/15-6-Inch-FHD-IPS-Display_1600520300171.html
YJZN All-In-One 82 83 86 96 102 106 Inch Electronic Interactive Whiteboard For Digital Conferences,US$118,"Shenzhen Yunjiao Intelligent Technology Co., Ltd.",https://www.alibaba.com/product-detail/YJZN-All-In-One-82-83_1601443224923.html?s=p
"NewLaptopScreen Extender 15.6"" Portable Triple Monitor S6 forLaptopup to 17.3"" With IPS FHD 1080PLaptopPortable Monitors",US$299,"Shenzhen Maohongsheng Technology Co., Ltd.",https://www.alibaba.com/product-detail/New-Laptop-Screen-Extender-15-6_1601379180157.html
Hospital MEDICALLaptopVET Ultrasound Instruments Portable Ultrasound Scanner Price Animal Ultrasound Machine,US$850-US$900,"Nanjing Long Medical Technology Co., Ltd.",https://www.alibaba.com/product-detail/Hospital-MEDICAL-Laptop-VET-Ultrasound-Instruments_1601425229532.html?s=p
Cheap SmartLaptopBags High Quality LargeLaptopBackpack Travel Business College Notebook Backpacks Cute Stylish Backpacks,US$3.14,"Ningbo Blueprint Import & Export Co., Ltd.",https://www.alibaba.com/product-detail/Cheap-Smart-Laptop-Bags-High-Quality_1601296592326.html
CE Certified Cheap Diesel Articulated Backhoe Bucket Tractor Loader 4x4 Wheel Loader Backhoe Excavator For Sale,"US$20,999-US$23,699","Shandong Songsheng Heavy Industry Machinery Co., Ltd.",https://www.alibaba.com/product-detail/CE-Certified-Cheap-Diesel-Articulated-Backhoe_1601322162000.html?s=p
Fast Delivery I7 11850H GamingLaptopNVIDIA GTX3070 8GB Graphics Card 16 Inch With High Speed for Gaming Design 3D Cartographic,"US$759-US$8,477","Shenzhen Chxk Technology Co., Ltd.",https://www.alibaba.com/product-detail/Fast-Delivery-I7-11850H-Gaming-Laptop_1601386789392.html
10kva Super Silent Type Standby Power Perkin S Diesel Generator Set,"US$4,575-US$5,075","GB Power Co., Ltd. (Shanghai)",https://www.alibaba.com/product-detail/10kva-Super-Silent-Type-Standby-Power_1600892322933.html?s=p
Factory Direct 14 Inch N3350 Notebook New BusinessLaptopswith 128/256/512GB 1TB SSD DDR3 for Students and Professionals,US$109-US$126,"Guangzhou Allison Technology Co., Ltd.",https://www.alibaba.com/product-detail/Factory-Direct-14-Inch-N3350-Notebook_1601381829204.html
Win 11 Pro USB Box 100% Online Activation Win 11 Pro Box USB Full Package Fast Shipping,US$17,"Guangzhou Hanshun Trade Co., Ltd.",https://www.alibaba.com/product-detail/Win-11-Pro-USB-Box-100_1601434399374.html?s=p
Good Quality AZERTYLaptopPC for French Speaking People Intel Core I9 12th Generation Ethernet RJ45LaptopsAZERTY QWERTY,US$539,"Shenzhen Anxin Taihe Technology Co., Ltd.",https://www.alibaba.com/product-detail/Good-Quality-AZERTY-Laptop-PC-for_1600315542770.html
Original New 6ES7214-1AG40-0XB0 SIMATIC S7-1200 CPU 1214C Compact CPU PLC In Stock,US$200-US$400,"Shanghai Yicheng Automation Technology Co., Ltd.",https://www.alibaba.com/product-detail/Original-New-6ES7214-1AG40-0XB0-SIMATIC_1601295935325.html?s=p
Low Minimum Order Quantity 14-inch BusinessLaptopNew Intel N5095 Processor Quad-core 8G 16G 32 Memory Window 11Laptop,US$115-US$237,"Shenzhen Jingchuang Guodu Technology Co., Ltd.",https://www.alibaba.com/product-detail/Low-Minimum-Order-Quantity-14-inch_1601365992308.html
A5 Journal Notizbuch Linen Personalisierte Notizbucher Und Pens Notizbuch Kariert Logo,US$1.50,"Taizhou Eego Industry And Trade Co., Ltd.",https://www.alibaba.com/product-detail/A5-Journal-Notizbuch-Linen-Personalisierte-Notizbucher_1601439862051.html?s=p
TAIKESEN Water Splashproof Notebook SleeveLaptopCase Bag for Macbook M1 M2 M3 Air Pro HP Huawei LenovoLaptopCover,US$2.90,"Ningbo Yinzhou Suoku Electronic Technology Co., Ltd.",https://www.alibaba.com/product-detail/TAIKESEN-Water-Splashproof-Notebook-Sleeve-Laptop_1601072099647.html
30KVA Silent Diesel Generator,"US$3,000-US$3,120","GB Power Co., Ltd. (Shanghai)",https://www.alibaba.com/product-detail/30KVA-Silent-Diesel-Generator_1600902301210.html?s=p
2024 High QualityLaptop14-inch N4000 Fluid No Latency 1TB Thin & Light Portable Home Office BusinessLaptop,US$113-US$153,"Hanxuanmo (tianjin) Technology Development Co., Ltd.",https://www.alibaba.com/product-detail/2024-High-Quality-Laptop-14-inch_1601297251888.html
Aismartlink Latest product Raspberry Pi 5 Model B 8GB ARM Single Board Computer raspberry pi 5b 4gb,US$60-US$89,"Wuhan Wangling Intelligent Technology Co., Ltd.",https://www.alibaba.com/product-detail/Aismartlink-Latest-product-Raspberry-Pi-5_1600958937589.html?s=p
Ultra GamingLaptopCore I7-1065G7 10th Gen 15.6inch 16GB 512GB 1Tb SSD Win11 Ordinateur Portable Core I7 Game Notebook,US$334,Shenzhen South Digital Limited,https://www.alibaba.com/product-detail/Ultra-Gaming-Laptop-Core-I7-1065G7_1601212705477.html
Original Mindray Ultrasonic Diagnostic Imaging System Scanner Digital Ultrasound,"US$999-US$1,899","Hunan Zetop Medical Co., Ltd.",https://www.alibaba.com/product-detail/Original-Mindray-Ultrasonic-Diagnostic-Imaging-System_1601118525573.html?s=p
2025 New 14 Inch Hot SaleLaptopLarge 128GB 1024GB 1TB Memory 5000Mah Battery Intel Wireless Inventory Clearance Price,US$128.68,"Shenzhen Chaowu Technology Co., Ltd.",https://www.alibaba.com/product-detail/2025-New-14-Inch-Hot-Sale_1601372402388.html
